transaction_id,customer_id,merchant_id,amount,timestamp,status,payment_method,bank,device_type,failure_code,failure_reason
TXN500_0000,CUST_32,MERCH_4,45547.66,2026-08-22T14:45:54.605201Z,FAILED,NETBANKING,AXIS,MOBILE,TIMEOUT,Timeout
TXN500_0001,CUST_38,MERCH_10,45300.53,2026-08-22T15:00:54.605201Z,SUCCESS,UPI,AXIS,DESKTOP,,
TXN500_0002,CUST_1,MERCH_7,42074.97,2026-08-22T15:15:54.605201Z,SUCCESS,WALLET,AXIS,MOBILE,,
TXN500_0003,CUST_44,MERCH_8,25200.46,2026-08-22T15:30:54.605201Z,FAILED,NETBANKING,AXIS,DESKTOP,TIMEOUT,Timeout
TXN500_0004,CUST_2,MERCH_6,27555.38,2026-08-22T15:45:54.605201Z,FAILED,CARD,HDFC,DESKTOP,TIMEOUT,Timeout
TXN500_0005,CUST_33,MERCH_2,44216.92,2026-08-22T16:00:54.605201Z,SUCCESS,UPI,HDFC,DESKTOP,,
TXN500_0006,CUST_29,MERCH_10,2520.37,2026-08-22T16:15:54.605201Z,SUCCESS,UPI,HDFC,MOBILE,,
TXN500_0007,CUST_4,MERCH_9,39028.97,2026-08-22T16:30:54.605201Z,SUCCESS,NETBANKING,SBI,DESKTOP,,
TXN500_0008,CUST_34,MERCH_6,34962.46,2026-08-22T16:45:54.605201Z,SUCCESS,NETBANKING,ICICI,MOBILE,,
TXN500_0009,CUST_17,MERCH_9,29987.92,2026-08-22T17:00:54.605201Z,FAILED,NETBANKING,ICICI,MOBILE,TIMEOUT,Timeout
TXN500_0010,CUST_20,MERCH_9,26942.69,2026-08-22T17:15:54.605201Z,SUCCESS,CARD,ICICI,MOBILE,,
TXN500_0011,CUST_4,MERCH_1,20393.36,2026-08-22T17:30:54.605201Z,SUCCESS,NETBANKING,SBI,DESKTOP,,
TXN500_0012,CUST_38,MERCH_6,47875.39,2026-08-22T17:45:54.605201Z,SUCCESS,UPI,AXIS,MOBILE,,
TXN500_0013,CUST_10,MERCH_6,30234.32,2026-08-22T18:00:54.605201Z,SUCCESS,NETBANKING,SBI,DESKTOP,,
TXN500_0014,CUST_33,MERCH_8,47846.11,2026-08-22T18:15:54.605201Z,SUCCESS,NETBANKING,SBI,MOBILE,,
TXN500_0015,CUST_15,MERCH_5,21247.86,2026-08-22T18:30:54.605201Z,FAILED,NETBANKING,SBI,MOBILE,TIMEOUT,Timeout
TXN500_0016,CUST_36,MERCH_7,38512.34,2026-08-22T18:45:54.605201Z,SUCCESS,CARD,ICICI,MOBILE,,
TXN500_0017,CUST_48,MERCH_9,1944.62,2026-08-22T19:00:54.605201Z,SUCCESS,NETBANKING,SBI,DESKTOP,,
TXN500_0018,CUST_2,MERCH_10,3231.8,2026-08-22T19:15:54.605201Z,SUCCESS,UPI,ICICI,MOBILE,,
TXN500_0019,CUST_2,MERCH_5,30467.98,2026-08-22T19:30:54.605201Z,SUCCESS,NETBANKING,AXIS,DESKTOP,,
TXN500_0020,CUST_30,MERCH_3,48335.4,2026-08-22T19:45:54.605201Z,SUCCESS,CARD,ICICI,DESKTOP,,
TXN500_0021,CUST_32,MERCH_10,25269.95,2026-08-22T20:00:54.605201Z,SUCCESS,NETBANKING,AXIS,DESKTOP,,
TXN500_0022,CUST_42,MERCH_6,35285.69,2026-08-22T20:15:54.605201Z,SUCCESS,CARD,SBI,MOBILE,,
TXN500_0023,CUST_36,MERCH_4,27733.06,2026-08-22T20:30:54.605201Z,FAILED,CARD,ICICI,MOBILE,TIMEOUT,Timeout
TXN500_0024,CUST_46,MERCH_1,25412.19,2026-08-22T20:45:54.605201Z,FAILED,CARD,ICICI,MOBILE,TIMEOUT,Timeout
TXN500_0025,CUST_35,MERCH_9,7687.65,2026-08-22T21:00:54.605201Z,FAILED,UPI,ICICI,MOBILE,TIMEOUT,Timeout
TXN500_0026,CUST_36,MERCH_3,44680.09,2026-08-22T21:15:54.605201Z,SUCCESS,UPI,SBI,DESKTOP,,
TXN500_0027,CUST_26,MERCH_9,41062.97,2026-08-22T21:30:54.605201Z,FAILED,WALLET,ICICI,MOBILE,TIMEOUT,Timeout
TXN500_0028,CUST_41,MERCH_10,5891.61,2026-08-22T21:45:54.605201Z,SUCCESS,NETBANKING,HDFC,MOBILE,,
TXN500_0029,CUST_21,MERCH_5,17561.58,2026-08-22T22:00:54.605201Z,SUCCESS,WALLET,ICICI,MOBILE,,
TXN500_0030,CUST_45,MERCH_2,29595.9,2026-08-22T22:15:54.605201Z,SUCCESS,CARD,SBI,DESKTOP,,
TXN500_0031,CUST_3,MERCH_5,24558.15,2026-08-22T22:30:54.605201Z,SUCCESS,UPI,SBI,DESKTOP,,
TXN500_0032,CUST_22,MERCH_3,16915.05,2026-08-22T22:45:54.605201Z,SUCCESS,WALLET,ICICI,DESKTOP,,
TXN500_0033,CUST_6,MERCH_7,8502.71,2026-08-22T23:00:54.605201Z,SUCCESS,CARD,HDFC,MOBILE,,
TXN500_0034,CUST_28,MERCH_9,28399.48,2026-08-22T23:15:54.605201Z,SUCCESS,NETBANKING,SBI,MOBILE,,
TXN500_0035,CUST_9,MERCH_7,29732.37,2026-08-22T23:30:54.605201Z,SUCCESS,CARD,AXIS,MOBILE,,
TXN500_0036,CUST_41,MERCH_10,24291.27,2026-08-22T23:45:54.605201Z,SUCCESS,CARD,AXIS,MOBILE,,
TXN500_0037,CUST_25,MERCH_1,23211.26,2026-08-23T00:00:54.605201Z,SUCCESS,CARD,SBI,DESKTOP,,
TXN500_0038,CUST_39,MERCH_8,27307.41,2026-08-23T00:15:54.605201Z,SUCCESS,WALLET,ICICI,DESKTOP,,
TXN500_0039,CUST_16,MERCH_8,40852.13,2026-08-23T00:30:54.605201Z,SUCCESS,CARD,ICICI,MOBILE,,
TXN500_0040,CUST_38,MERCH_5,36490.16,2026-08-23T00:45:54.605201Z,FAILED,WALLET,SBI,MOBILE,TIMEOUT,Timeout
TXN500_0041,CUST_42,MERCH_4,40597.37,2026-08-23T01:00:54.605201Z,SUCCESS,WALLET,SBI,MOBILE,,
TXN500_0042,CUST_13,MERCH_10,44694.63,2026-08-23T01:15:54.605201Z,SUCCESS,NETBANKING,HDFC,DESKTOP,,
TXN500_0043,CUST_49,MERCH_5,22502.57,2026-08-23T01:30:54.605201Z,SUCCESS,UPI,AXIS,DESKTOP,,
TXN500_0044,CUST_48,MERCH_4,6783.4,2026-08-23T01:45:54.605201Z,FAILED,NETBANKING,AXIS,DESKTOP,TIMEOUT,Timeout
TXN500_0045,CUST_28,MERCH_3,34499.5,2026-08-23T02:00:54.605201Z,SUCCESS,UPI,ICICI,MOBILE,,
TXN500_0046,CUST_14,MERCH_9,20776.12,2026-08-23T02:15:54.605201Z,SUCCESS,CARD,AXIS,MOBILE,,
TXN500_0047,CUST_10,MERCH_7,10118.98,2026-08-23T02:30:54.605201Z,SUCCESS,WALLET,ICICI,MOBILE,,
TXN500_0048,CUST_42,MERCH_6,2289.45,2026-08-23T02:45:54.605201Z,SUCCESS,UPI,AXIS,DESKTOP,,
TXN500_0049,CUST_41,MERCH_6,23105.79,2026-08-23T03:00:54.605201Z,FAILED,CARD,AXIS,DESKTOP,TIMEOUT,Timeout
TXN500_0050,CUST_11,MERCH_10,45164.77,2026-08-23T03:15:54.605201Z,FAILED,NETBANKING,AXIS,DESKTOP,TIMEOUT,Timeout
TXN500_0051,CUST_13,MERCH_3,49938.89,2026-08-23T03:30:54.605201Z,SUCCESS,WALLET,ICICI,DESKTOP,,
TXN500_0052,CUST_36,MERCH_9,46181.41,2026-08-23T03:45:54.605201Z,SUCCESS,NETBANKING,ICICI,MOBILE,,
TXN500_0053,CUST_48,MERCH_2,2040.06,2026-08-23T04:00:54.605201Z,SUCCESS,WALLET,ICICI,DESKTOP,,
TXN500_0054,CUST_38,MERCH_2,13502.46,2026-08-23T04:15:54.605201Z,SUCCESS,CARD,AXIS,DESKTOP,,
TXN500_0055,CUST_27,MERCH_4,29634.34,2026-08-23T04:30:54.605201Z,FAILED,NETBANKING,SBI,DESKTOP,TIMEOUT,Timeout
TXN500_0056,CUST_17,MERCH_8,8836.26,2026-08-23T04:45:54.605201Z,FAILED,NETBANKING,HDFC,MOBILE,TIMEOUT,Timeout
TXN500_0057,CUST_19,MERCH_3,32014.33,2026-08-23T05:00:54.605201Z,FAILED,CARD,HDFC,DESKTOP,TIMEOUT,Timeout
TXN500_0058,CUST_4,MERCH_9,28350.27,2026-08-23T05:15:54.605201Z,SUCCESS,WALLET,HDFC,DESKTOP,,
TXN500_0059,CUST_16,MERCH_6,16911.75,2026-08-23T05:30:54.605201Z,SUCCESS,WALLET,SBI,MOBILE,,
TXN500_0060,CUST_49,MERCH_2,21757.03,2026-08-23T05:45:54.605201Z,SUCCESS,NETBANKING,ICICI,DESKTOP,,
TXN500_0061,CUST_28,MERCH_3,6703.78,2026-08-23T06:00:54.605201Z,SUCCESS,CARD,AXIS,DESKTOP,,
TXN500_0062,CUST_8,MERCH_6,11843.41,2026-08-23T06:15:54.605201Z,FAILED,NETBANKING,SBI,DESKTOP,TIMEOUT,Timeout
TXN500_0063,CUST_35,MERCH_1,30060.38,2026-08-23T06:30:54.605201Z,SUCCESS,WALLET,SBI,MOBILE,,
TXN500_0064,CUST_16,MERCH_1,39451.21,2026-08-23T06:45:54.605201Z,SUCCESS,NETBANKING,ICICI,MOBILE,,
TXN500_0065,CUST_2,MERCH_4,40810.56,2026-08-23T07:00:54.605201Z,SUCCESS,CARD,ICICI,DESKTOP,,
TXN500_0066,CUST_13,MERCH_4,46812.15,2026-08-23T07:15:54.605201Z,SUCCESS,CARD,HDFC,MOBILE,,
TXN500_0067,CUST_46,MERCH_2,19387.09,2026-08-23T07:30:54.605201Z,FAILED,WALLET,AXIS,DESKTOP,TIMEOUT,Timeout
TXN500_0068,CUST_5,MERCH_1,21631.08,2026-08-23T07:45:54.605201Z,SUCCESS,CARD,SBI,DESKTOP,,
TXN500_0069,CUST_3,MERCH_9,33730.17,2026-08-23T08:00:54.605201Z,SUCCESS,NETBANKING,HDFC,DESKTOP,,
TXN500_0070,CUST_2,MERCH_6,20342.51,2026-08-23T08:15:54.605201Z,FAILED,CARD,HDFC,DESKTOP,TIMEOUT,Timeout
TXN500_0071,CUST_41,MERCH_9,48087.01,2026-08-23T08:30:54.605201Z,SUCCESS,NETBANKING,HDFC,MOBILE,,
TXN500_0072,CUST_7,MERCH_1,18410.62,2026-08-23T08:45:54.605201Z,SUCCESS,NETBANKING,SBI,MOBILE,,
TXN500_0073,CUST_23,MERCH_5,28916.9,2026-08-23T09:00:54.605201Z,SUCCESS,NETBANKING,ICICI,DESKTOP,,
TXN500_0074,CUST_2,MERCH_1,34587.68,2026-08-23T09:15:54.605201Z,SUCCESS,NETBANKING,AXIS,DESKTOP,,
TXN500_0075,CUST_2,MERCH_5,31036.94,2026-08-23T09:30:54.605201Z,SUCCESS,CARD,SBI,MOBILE,,
TXN500_0076,CUST_45,MERCH_7,29081.11,2026-08-23T09:45:54.605201Z,SUCCESS,CARD,ICICI,DESKTOP,,
TXN500_0077,CUST_11,MERCH_9,12335.36,2026-08-23T10:00:54.605201Z,SUCCESS,NETBANKING,SBI,DESKTOP,,
TXN500_0078,CUST_30,MERCH_4,23799.46,2026-08-23T10:15:54.605201Z,SUCCESS,UPI,AXIS,MOBILE,,
TXN500_0079,CUST_39,MERCH_4,24503.9,2026-08-23T10:30:54.605201Z,SUCCESS,NETBANKING,ICICI,DESKTOP,,
TXN500_0080,CUST_19,MERCH_10,44656.48,2026-08-23T10:45:54.605201Z,SUCCESS,NETBANKING,AXIS,MOBILE,,
TXN500_0081,CUST_7,MERCH_4,43127.28,2026-08-23T11:00:54.605201Z,SUCCESS,NETBANKING,ICICI,DESKTOP,,
TXN500_0082,CUST_11,MERCH_1,22006.98,2026-08-23T11:15:54.605201Z,SUCCESS,NETBANKING,SBI,DESKTOP,,
TXN500_0083,CUST_40,MERCH_10,49435.74,2026-08-23T11:30:54.605201Z,SUCCESS,UPI,HDFC,MOBILE,,
TXN500_0084,CUST_18,MERCH_6,45258.83,2026-08-23T11:45:54.605201Z,SUCCESS,WALLET,AXIS,MOBILE,,
TXN500_0085,CUST_11,MERCH_2,35582.0,2026-08-23T12:00:54.605201Z,FAILED,NETBANKING,AXIS,DESKTOP,TIMEOUT,Timeout
TXN500_0086,CUST_16,MERCH_4,29336.84,2026-08-23T12:15:54.605201Z,SUCCESS,UPI,HDFC,DESKTOP,,
TXN500_0087,CUST_31,MERCH_7,16025.09,2026-08-23T12:30:54.605201Z,SUCCESS,CARD,SBI,MOBILE,,
TXN500_0088,CUST_37,MERCH_4,23941.49,2026-08-23T12:45:54.605201Z,SUCCESS,WALLET,AXIS,MOBILE,,
TXN500_0089,CUST_18,MERCH_5,18006.17,2026-08-23T13:00:54.605201Z,FAILED,UPI,SBI,DESKTOP,TIMEOUT,Timeout
TXN500_0090,CUST_29,MERCH_4,4661.37,2026-08-23T13:15:54.605201Z,SUCCESS,UPI,HDFC,MOBILE,,
TXN500_0091,CUST_25,MERCH_3,15572.32,2026-08-23T13:30:54.605201Z,FAILED,UPI,SBI,DESKTOP,TIMEOUT,Timeout
TXN500_0092,CUST_37,MERCH_1,45157.38,2026-08-23T13:45:54.605201Z,SUCCESS,NETBANKING,HDFC,MOBILE,,
TXN500_0093,CUST_21,MERCH_4,50.41,2026-08-23T14:00:54.605201Z,SUCCESS,CARD,HDFC,DESKTOP,,
TXN500_0094,CUST_10,MERCH_3,3115.8,2026-08-23T14:15:54.605201Z,FAILED,WALLET,AXIS,DESKTOP,TIMEOUT,Timeout
TXN500_0095,CUST_34,MERCH_2,20230.07,2026-08-23T14:30:54.605201Z,SUCCESS,UPI,ICICI,MOBILE,,
TXN500_0096,CUST_9,MERCH_2,39629.43,2026-08-23T14:45:54.605201Z,SUCCESS,WALLET,SBI,DESKTOP,,
TXN500_0097,CUST_22,MERCH_8,10137.43,2026-08-23T15:00:54.605201Z,SUCCESS,CARD,HDFC,MOBILE,,
TXN500_0098,CUST_36,MERCH_5,29366.76,2026-08-23T15:15:54.605201Z,SUCCESS,CARD,HDFC,DESKTOP,,
TXN500_0099,CUST_26,MERCH_6,46751.25,2026-08-23T15:30:54.605201Z,SUCCESS,UPI,HDFC,MOBILE,,
TXN500_0100,CUST_43,MERCH_6,14402.51,2026-08-23T15:45:54.605201Z,SUCCESS,NETBANKING,HDFC,DESKTOP,,
TXN500_0101,CUST_18,MERCH_4,37358.31,2026-08-23T16:00:54.605201Z,SUCCESS,UPI,AXIS,MOBILE,,
TXN500_0102,CUST_1,MERCH_6,12537.79,2026-08-23T16:15:54.605201Z,SUCCESS,NETBANKING,AXIS,DESKTOP,,
TXN500_0103,CUST_30,MERCH_3,12509.96,2026-08-23T16:30:54.605201Z,FAILED,WALLET,SBI,MOBILE,TIMEOUT,Timeout
TXN500_0104,CUST_20,MERCH_4,29594.64,2026-08-23T16:45:54.605201Z,SUCCESS,NETBANKING,HDFC,DESKTOP,,
TXN500_0105,CUST_28,MERCH_10,143.38,2026-08-23T17:00:54.605201Z,SUCCESS,UPI,AXIS,DESKTOP,,
TXN500_0106,CUST_23,MERCH_7,16465.95,2026-08-23T17:15:54.605201Z,SUCCESS,UPI,ICICI,DESKTOP,,
TXN500_0107,CUST_14,MERCH_10,4443.84,2026-08-23T17:30:54.605201Z,SUCCESS,NETBANKING,SBI,DESKTOP,,
TXN500_0108,CUST_36,MERCH_5,6564.83,2026-08-23T17:45:54.605201Z,SUCCESS,CARD,ICICI,DESKTOP,,
TXN500_0109,CUST_27,MERCH_6,15910.03,2026-08-23T18:00:54.605201Z,FAILED,CARD,HDFC,DESKTOP,TIMEOUT,Timeout
TXN500_0110,CUST_49,MERCH_6,4472.63,2026-08-23T18:15:54.605201Z,FAILED,CARD,ICICI,MOBILE,TIMEOUT,Timeout
TXN500_0111,CUST_6,MERCH_3,266.33,2026-08-23T18:30:54.605201Z,SUCCESS,UPI,HDFC,DESKTOP,,
TXN500_0112,CUST_25,MERCH_8,42880.98,2026-08-23T18:45:54.605201Z,SUCCESS,NETBANKING,HDFC,DESKTOP,,
TXN500_0113,CUST_9,MERCH_8,22809.07,2026-08-23T19:00:54.605201Z,SUCCESS,CARD,HDFC,MOBILE,,
TXN500_0114,CUST_32,MERCH_3,3341.24,2026-08-23T19:15:54.605201Z,SUCCESS,WALLET,AXIS,MOBILE,,
TXN500_0115,CUST_23,MERCH_6,11021.76,2026-08-23T19:30:54.605201Z,SUCCESS,NETBANKING,SBI,MOBILE,,
TXN500_0116,CUST_30,MERCH_1,38517.43,2026-08-23T19:45:54.605201Z,SUCCESS,NETBANKING,HDFC,MOBILE,,
TXN500_0117,CUST_30,MERCH_10,2351.32,2026-08-23T20:00:54.605201Z,FAILED,UPI,SBI,MOBILE,TIMEOUT,Timeout
TXN500_0118,CUST_11,MERCH_8,33782.94,2026-08-23T20:15:54.605201Z,SUCCESS,NETBANKING,SBI,DESKTOP,,
TXN500_0119,CUST_10,MERCH_3,30218.67,2026-08-23T20:30:54.605201Z,SUCCESS,NETBANKING,HDFC,DESKTOP,,
TXN500_0120,CUST_20,MERCH_10,451.01,2026-08-23T20:45:54.605201Z,SUCCESS,UPI,HDFC,MOBILE,,
TXN500_0121,CUST_19,MERCH_7,14929.11,2026-08-23T21:00:54.605201Z,SUCCESS,NETBANKING,AXIS,MOBILE,,
TXN500_0122,CUST_48,MERCH_5,4671.08,2026-08-23T21:15:54.605201Z,SUCCESS,UPI,SBI,MOBILE,,
TXN500_0123,CUST_9,MERCH_4,14713.79,2026-08-23T21:30:54.605201Z,SUCCESS,NETBANKING,HDFC,MOBILE,,
TXN500_0124,CUST_18,MERCH_5,8844.46,2026-08-23T21:45:54.605201Z,SUCCESS,CARD,ICICI,DESKTOP,,
TXN500_0125,CUST_36,MERCH_2,41540.52,2026-08-23T22:00:54.605201Z,SUCCESS,NETBANKING,SBI,MOBILE,,
TXN500_0126,CUST_40,MERCH_1,45408.94,2026-08-23T22:15:54.605201Z,SUCCESS,NETBANKING,HDFC,DESKTOP,,
TXN500_0127,CUST_40,MERCH_3,8208.82,2026-08-23T22:30:54.605201Z,FAILED,NETBANKING,AXIS,MOBILE,TIMEOUT,Timeout
TXN500_0128,CUST_16,MERCH_8,31589.26,2026-08-23T22:45:54.605201Z,FAILED,NETBANKING,SBI,DESKTOP,TIMEOUT,Timeout
TXN500_0129,CUST_11,MERCH_5,16875.8,2026-08-23T23:00:54.605201Z,SUCCESS,CARD,HDFC,DESKTOP,,
TXN500_0130,CUST_1,MERCH_5,20014.19,2026-08-23T23:15:54.605201Z,SUCCESS,CARD,AXIS,MOBILE,,
TXN500_0131,CUST_8,MERCH_2,8273.93,2026-08-23T23:30:54.605201Z,SUCCESS,NETBANKING,AXIS,MOBILE,,
TXN500_0132,CUST_34,MERCH_5,16840.52,2026-08-23T23:45:54.605201Z,SUCCESS,NETBANKING,ICICI,MOBILE,,
TXN500_0133,CUST_17,MERCH_8,38955.37,2026-08-24T00:00:54.605201Z,SUCCESS,CARD,SBI,DESKTOP,,
TXN500_0134,CUST_48,MERCH_8,7256.43,2026-08-24T00:15:54.605201Z,SUCCESS,UPI,SBI,DESKTOP,,
TXN500_0135,CUST_19,MERCH_7,8891.92,2026-08-24T00:30:54.605201Z,SUCCESS,NETBANKING,SBI,MOBILE,,
TXN500_0136,CUST_21,MERCH_10,4038.63,2026-08-24T00:45:54.605201Z,SUCCESS,UPI,ICICI,MOBILE,,
TXN500_0137,CUST_17,MERCH_3,3320.29,2026-08-24T01:00:54.605201Z,SUCCESS,CARD,AXIS,MOBILE,,
TXN500_0138,CUST_7,MERCH_2,37826.39,2026-08-24T01:15:54.605201Z,SUCCESS,CARD,SBI,MOBILE,,
TXN500_0139,CUST_45,MERCH_8,17523.5,2026-08-24T01:30:54.605201Z,FAILED,UPI,AXIS,DESKTOP,TIMEOUT,Timeout
TXN500_0140,CUST_49,MERCH_1,17588.35,2026-08-24T01:45:54.605201Z,SUCCESS,CARD,HDFC,MOBILE,,
TXN500_0141,CUST_30,MERCH_6,46231.65,2026-08-24T02:00:54.605201Z,FAILED,CARD,HDFC,DESKTOP,TIMEOUT,Timeout
TXN500_0142,CUST_39,MERCH_3,37962.98,2026-08-24T02:15:54.605201Z,SUCCESS,CARD,AXIS,DESKTOP,,
TXN500_0143,CUST_24,MERCH_4,16231.91,2026-08-24T02:30:54.605201Z,SUCCESS,CARD,SBI,DESKTOP,,
TXN500_0144,CUST_11,MERCH_3,37044.47,2026-08-24T02:45:54.605201Z,SUCCESS,NETBANKING,SBI,MOBILE,,
TXN500_0145,CUST_2,MERCH_10,31810.2,2026-08-24T03:00:54.605201Z,SUCCESS,WALLET,HDFC,DESKTOP,,
TXN500_0146,CUST_8,MERCH_5,37977.78,2026-08-24T03:15:54.605201Z,SUCCESS,UPI,ICICI,DESKTOP,,
TXN500_0147,CUST_8,MERCH_1,1281.29,2026-08-24T03:30:54.605201Z,SUCCESS,CARD,SBI,MOBILE,,
TXN500_0148,CUST_32,MERCH_6,20562.04,2026-08-24T03:45:54.605201Z,SUCCESS,CARD,ICICI,MOBILE,,
TXN500_0149,CUST_38,MERCH_4,26081.49,2026-08-24T04:00:54.605201Z,SUCCESS,NETBANKING,ICICI,DESKTOP,,
TXN500_0150,CUST_38,MERCH_2,31653.25,2026-08-24T04:15:54.605201Z,SUCCESS,UPI,AXIS,MOBILE,,
TXN500_0151,CUST_21,MERCH_8,17440.61,2026-08-24T04:30:54.605201Z,SUCCESS,NETBANKING,ICICI,DESKTOP,,
TXN500_0152,CUST_1,MERCH_3,19585.76,2026-08-24T04:45:54.605201Z,FAILED,NETBANKING,AXIS,MOBILE,TIMEOUT,Timeout
TXN500_0153,CUST_30,MERCH_5,3419.25,2026-08-24T05:00:54.605201Z,SUCCESS,WALLET,HDFC,MOBILE,,
TXN500_0154,CUST_16,MERCH_4,30220.67,2026-08-24T05:15:54.605201Z,FAILED,NETBANKING,SBI,DESKTOP,TIMEOUT,Timeout
TXN500_0155,CUST_21,MERCH_2,37085.69,2026-08-24T05:30:54.605201Z,SUCCESS,CARD,SBI,DESKTOP,,
TXN500_0156,CUST_27,MERCH_8,49401.8,2026-08-24T05:45:54.605201Z,SUCCESS,UPI,ICICI,DESKTOP,,
TXN500_0157,CUST_4,MERCH_1,4560.23,2026-08-24T06:00:54.605201Z,SUCCESS,UPI,HDFC,MOBILE,,
TXN500_0158,CUST_44,MERCH_1,6169.1,2026-08-24T06:15:54.605201Z,SUCCESS,NETBANKING,SBI,DESKTOP,,
TXN500_0159,CUST_21,MERCH_9,29960.54,2026-08-24T06:30:54.605201Z,SUCCESS,CARD,ICICI,MOBILE,,
TXN500_0160,CUST_6,MERCH_6,5371.85,2026-08-24T06:45:54.605201Z,SUCCESS,CARD,ICICI,MOBILE,,
TXN500_0161,CUST_9,MERCH_6,34575.79,2026-08-24T07:00:54.605201Z,SUCCESS,UPI,AXIS,DESKTOP,,
TXN500_0162,CUST_19,MERCH_1,45970.66,2026-08-24T07:15:54.605201Z,FAILED,UPI,AXIS,MOBILE,TIMEOUT,Timeout
TXN500_0163,CUST_11,MERCH_3,33859.77,2026-08-24T07:30:54.605201Z,FAILED,UPI,HDFC,MOBILE,TIMEOUT,Timeout
TXN500_0164,CUST_10,MERCH_9,11940.86,2026-08-24T07:45:54.605201Z,SUCCESS,NETBANKING,HDFC,MOBILE,,
TXN500_0165,CUST_41,MERCH_6,22189.87,2026-08-24T08:00:54.605201Z,SUCCESS,NETBANKING,ICICI,DESKTOP,,
TXN500_0166,CUST_39,MERCH_10,20423.44,2026-08-24T08:15:54.605201Z,SUCCESS,WALLET,ICICI,MOBILE,,
TXN500_0167,CUST_50,MERCH_5,29909.49,2026-08-24T08:30:54.605201Z,SUCCESS,NETBANKING,HDFC,MOBILE,,
TXN500_0168,CUST_29,MERCH_3,45592.15,2026-08-24T08:45:54.605201Z,SUCCESS,UPI,AXIS,MOBILE,,
TXN500_0169,CUST_17,MERCH_9,20549.72,2026-08-24T09:00:54.605201Z,SUCCESS,WALLET,AXIS,DESKTOP,,
TXN500_0170,CUST_7,MERCH_5,42717.78,2026-08-24T09:15:54.605201Z,SUCCESS,WALLET,SBI,MOBILE,,
TXN500_0171,CUST_22,MERCH_10,25111.54,2026-08-24T09:30:54.605201Z,SUCCESS,NETBANKING,SBI,MOBILE,,
TXN500_0172,CUST_2,MERCH_3,17545.09,2026-08-24T09:45:54.605201Z,SUCCESS,CARD,ICICI,DESKTOP,,
TXN500_0173,CUST_15,MERCH_3,37347.19,2026-08-24T10:00:54.605201Z,SUCCESS,CARD,ICICI,MOBILE,,
TXN500_0174,CUST_9,MERCH_9,47133.55,2026-08-24T10:15:54.605201Z,SUCCESS,WALLET,HDFC,MOBILE,,
TXN500_0175,CUST_24,MERCH_4,7795.77,2026-08-24T10:30:54.605201Z,SUCCESS,WALLET,ICICI,DESKTOP,,
TXN500_0176,CUST_49,MERCH_8,33457.34,2026-08-24T10:45:54.605201Z,SUCCESS,NETBANKING,HDFC,DESKTOP,,
TXN500_0177,CUST_22,MERCH_10,18217.29,2026-08-24T11:00:54.605201Z,SUCCESS,WALLET,ICICI,DESKTOP,,
TXN500_0178,CUST_15,MERCH_3,25646.22,2026-08-24T11:15:54.605201Z,SUCCESS,CARD,SBI,DESKTOP,,
TXN500_0179,CUST_13,MERCH_7,4172.13,2026-08-24T11:30:54.605201Z,SUCCESS,CARD,AXIS,MOBILE,,
TXN500_0180,CUST_40,MERCH_1,5322.39,2026-08-24T11:45:54.605201Z,SUCCESS,UPI,HDFC,DESKTOP,,
TXN500_0181,CUST_41,MERCH_7,39691.58,2026-08-24T12:00:54.605201Z,SUCCESS,CARD,AXIS,MOBILE,,
TXN500_0182,CUST_2,MERCH_2,27526.27,2026-08-24T12:15:54.605201Z,FAILED,NETBANKING,AXIS,MOBILE,TIMEOUT,Timeout
TXN500_0183,CUST_43,MERCH_2,32343.43,2026-08-24T12:30:54.605201Z,SUCCESS,UPI,HDFC,MOBILE,,
TXN500_0184,CUST_44,MERCH_6,42392.74,2026-08-24T12:45:54.605201Z,SUCCESS,CARD,SBI,DESKTOP,,
TXN500_0185,CUST_38,MERCH_7,2728.88,2026-08-24T13:00:54.605201Z,FAILED,UPI,HDFC,DESKTOP,TIMEOUT,Timeout
TXN500_0186,CUST_15,MERCH_5,49507.14,2026-08-24T13:15:54.605201Z,SUCCESS,UPI,AXIS,MOBILE,,
TXN500_0187,CUST_19,MERCH_1,24115.7,2026-08-24T13:30:54.605201Z,SUCCESS,WALLET,HDFC,MOBILE,,
TXN500_0188,CUST_9,MERCH_5,15284.18,2026-08-24T13:45:54.605201Z,SUCCESS,WALLET,ICICI,DESKTOP,,
TXN500_0189,CUST_43,MERCH_1,20220.56,2026-08-24T14:00:54.605201Z,SUCCESS,CARD,HDFC,DESKTOP,,
TXN500_0190,CUST_37,MERCH_8,45163.14,2026-08-24T14:15:54.605201Z,SUCCESS,CARD,HDFC,MOBILE,,
TXN500_0191,CUST_50,MERCH_7,38609.08,2026-08-24T14:30:54.605201Z,FAILED,WALLET,SBI,DESKTOP,TIMEOUT,Timeout
TXN500_0192,CUST_41,MERCH_5,43727.59,2026-08-24T14:45:54.605201Z,SUCCESS,UPI,SBI,DESKTOP,,
TXN500_0193,CUST_8,MERCH_6,29808.82,2026-08-24T15:00:54.605201Z,FAILED,UPI,SBI,DESKTOP,TIMEOUT,Timeout
TXN500_0194,CUST_18,MERCH_6,21788.61,2026-08-24T15:15:54.605201Z,SUCCESS,NETBANKING,ICICI,DESKTOP,,
TXN500_0195,CUST_18,MERCH_4,17977.82,2026-08-24T15:30:54.605201Z,SUCCESS,CARD,HDFC,MOBILE,,
TXN500_0196,CUST_50,MERCH_6,12423.45,2026-08-24T15:45:54.605201Z,SUCCESS,CARD,HDFC,DESKTOP,,
TXN500_0197,CUST_3,MERCH_10,12545.64,2026-08-24T16:00:54.605201Z,SUCCESS,WALLET,SBI,DESKTOP,,
TXN500_0198,CUST_19,MERCH_1,28408.32,2026-08-24T16:15:54.605201Z,FAILED,CARD,HDFC,DESKTOP,TIMEOUT,Timeout
TXN500_0199,CUST_3,MERCH_4,4965.48,2026-08-24T16:30:54.605201Z,FAILED,UPI,AXIS,MOBILE,TIMEOUT,Timeout
TXN500_0200,CUST_5,MERCH_7,33762.95,2026-08-24T16:45:54.605201Z,SUCCESS,WALLET,HDFC,DESKTOP,,
TXN500_0201,CUST_1,MERCH_5,46851.87,2026-08-24T17:00:54.605201Z,SUCCESS,CARD,SBI,DESKTOP,,
TXN500_0202,CUST_30,MERCH_10,47799.91,2026-08-24T17:15:54.605201Z,SUCCESS,CARD,SBI,MOBILE,,
TXN500_0203,CUST_10,MERCH_2,24082.75,2026-08-24T17:30:54.605201Z,SUCCESS,CARD,SBI,MOBILE,,
TXN500_0204,CUST_38,MERCH_8,5008.58,2026-08-24T17:45:54.605201Z,SUCCESS,NETBANKING,HDFC,MOBILE,,
TXN500_0205,CUST_50,MERCH_2,31199.16,2026-08-24T18:00:54.605201Z,SUCCESS,UPI,HDFC,MOBILE,,
TXN500_0206,CUST_21,MERCH_4,3844.54,2026-08-24T18:15:54.605201Z,SUCCESS,WALLET,HDFC,DESKTOP,,
TXN500_0207,CUST_21,MERCH_9,22871.93,2026-08-24T18:30:54.605201Z,SUCCESS,NETBANKING,SBI,DESKTOP,,
TXN500_0208,CUST_26,MERCH_1,2596.34,2026-08-24T18:45:54.605201Z,SUCCESS,WALLET,HDFC,MOBILE,,
TXN500_0209,CUST_43,MERCH_8,17611.22,2026-08-24T19:00:54.605201Z,FAILED,NETBANKING,AXIS,MOBILE,TIMEOUT,Timeout
TXN500_0210,CUST_21,MERCH_3,13445.25,2026-08-24T19:15:54.605201Z,SUCCESS,CARD,SBI,DESKTOP,,
TXN500_0211,CUST_22,MERCH_10,6904.97,2026-08-24T19:30:54.605201Z,FAILED,CARD,AXIS,DESKTOP,TIMEOUT,Timeout
TXN500_0212,CUST_46,MERCH_10,21537.91,2026-08-24T19:45:54.605201Z,SUCCESS,UPI,ICICI,DESKTOP,,
TXN500_0213,CUST_5,MERCH_3,20225.48,2026-08-24T20:00:54.605201Z,FAILED,NETBANKING,ICICI,DESKTOP,TIMEOUT,Timeout
TXN500_0214,CUST_18,MERCH_2,23713.89,2026-08-24T20:15:54.605201Z,SUCCESS,CARD,HDFC,DESKTOP,,
TXN500_0215,CUST_22,MERCH_9,5784.81,2026-08-24T20:30:54.605201Z,FAILED,CARD,SBI,DESKTOP,TIMEOUT,Timeout
TXN500_0216,CUST_29,MERCH_9,1269.68,2026-08-24T20:45:54.605201Z,SUCCESS,WALLET,ICICI,DESKTOP,,
TXN500_0217,CUST_44,MERCH_9,1888.89,2026-08-24T21:00:54.605201Z,SUCCESS,UPI,HDFC,MOBILE,,
TXN500_0218,CUST_32,MERCH_7,2337.08,2026-08-24T21:15:54.605201Z,SUCCESS,CARD,SBI,DESKTOP,,
TXN500_0219,CUST_33,MERCH_6,39858.59,2026-08-24T21:30:54.605201Z,SUCCESS,NETBANKING,HDFC,MOBILE,,
TXN500_0220,CUST_33,MERCH_3,3957.68,2026-08-24T21:45:54.605201Z,SUCCESS,UPI,HDFC,MOBILE,,
TXN500_0221,CUST_37,MERCH_6,5722.46,2026-08-24T22:00:54.605201Z,SUCCESS,CARD,HDFC,DESKTOP,,
TXN500_0222,CUST_22,MERCH_9,37875.67,2026-08-24T22:15:54.605201Z,SUCCESS,NETBANKING,SBI,DESKTOP,,
TXN500_0223,CUST_38,MERCH_9,3823.59,2026-08-24T22:30:54.605201Z,SUCCESS,WALLET,ICICI,DESKTOP,,
TXN500_0224,CUST_1,MERCH_10,10361.23,2026-08-24T22:45:54.605201Z,SUCCESS,NETBANKING,ICICI,DESKTOP,,
TXN500_0225,CUST_14,MERCH_5,29788.25,2026-08-24T23:00:54.605201Z,SUCCESS,CARD,HDFC,MOBILE,,
TXN500_0226,CUST_39,MERCH_10,22358.32,2026-08-24T23:15:54.605201Z,SUCCESS,WALLET,ICICI,MOBILE,,
TXN500_0227,CUST_33,MERCH_6,16588.94,2026-08-24T23:30:54.605201Z,SUCCESS,UPI,SBI,DESKTOP,,
TXN500_0228,CUST_25,MERCH_8,28201.42,2026-08-24T23:45:54.605201Z,SUCCESS,WALLET,SBI,DESKTOP,,
TXN500_0229,CUST_30,MERCH_5,2421.6,2026-08-25T00:00:54.605201Z,FAILED,UPI,ICICI,MOBILE,TIMEOUT,Timeout
TXN500_0230,CUST_22,MERCH_10,42739.87,2026-08-25T00:15:54.605201Z,SUCCESS,WALLET,SBI,DESKTOP,,
TXN500_0231,CUST_19,MERCH_4,28629.75,2026-08-25T00:30:54.605201Z,SUCCESS,NETBANKING,AXIS,MOBILE,,
TXN500_0232,CUST_47,MERCH_4,30370.93,2026-08-25T00:45:54.605201Z,SUCCESS,WALLET,AXIS,MOBILE,,
TXN500_0233,CUST_13,MERCH_7,37805.63,2026-08-25T01:00:54.605201Z,SUCCESS,NETBANKING,HDFC,DESKTOP,,
TXN500_0234,CUST_10,MERCH_2,39735.03,2026-08-25T01:15:54.605201Z,SUCCESS,NETBANKING,HDFC,DESKTOP,,
TXN500_0235,CUST_48,MERCH_3,49652.98,2026-08-25T01:30:54.605201Z,FAILED,CARD,HDFC,MOBILE,TIMEOUT,Timeout
TXN500_0236,CUST_40,MERCH_9,22878.35,2026-08-25T01:45:54.605201Z,SUCCESS,CARD,AXIS,MOBILE,,
TXN500_0237,CUST_10,MERCH_1,28107.24,2026-08-25T02:00:54.605201Z,FAILED,UPI,AXIS,DESKTOP,TIMEOUT,Timeout
TXN500_0238,CUST_25,MERCH_10,32844.39,2026-08-25T02:15:54.605201Z,SUCCESS,CARD,HDFC,DESKTOP,,
TXN500_0239,CUST_48,MERCH_2,12392.24,2026-08-25T02:30:54.605201Z,FAILED,WALLET,SBI,MOBILE,TIMEOUT,Timeout
TXN500_0240,CUST_10,MERCH_10,27274.31,2026-08-25T02:45:54.605201Z,SUCCESS,WALLET,AXIS,MOBILE,,
TXN500_0241,CUST_23,MERCH_2,13433.96,2026-08-25T03:00:54.605201Z,SUCCESS,UPI,HDFC,MOBILE,,
TXN500_0242,CUST_1,MERCH_2,16548.24,2026-08-25T03:15:54.605201Z,SUCCESS,CARD,ICICI,DESKTOP,,
TXN500_0243,CUST_17,MERCH_7,47352.15,2026-08-25T03:30:54.605201Z,SUCCESS,WALLET,AXIS,MOBILE,,
TXN500_0244,CUST_7,MERCH_7,3266.58,2026-08-25T03:45:54.605201Z,SUCCESS,NETBANKING,SBI,DESKTOP,,
TXN500_0245,CUST_22,MERCH_10,17811.36,2026-08-25T04:00:54.605201Z,SUCCESS,NETBANKING,ICICI,MOBILE,,
TXN500_0246,CUST_15,MERCH_3,4237.89,2026-08-25T04:15:54.605201Z,SUCCESS,WALLET,AXIS,DESKTOP,,
TXN500_0247,CUST_26,MERCH_5,22370.69,2026-08-25T04:30:54.605201Z,SUCCESS,WALLET,AXIS,MOBILE,,
TXN500_0248,CUST_4,MERCH_2,23343.49,2026-08-25T04:45:54.605201Z,SUCCESS,WALLET,HDFC,MOBILE,,
TXN500_0249,CUST_31,MERCH_9,45361.01,2026-08-25T05:00:54.605201Z,SUCCESS,NETBANKING,SBI,DESKTOP,,
TXN500_0250,CUST_49,MERCH_9,38103.99,2026-08-25T05:15:54.605201Z,SUCCESS,UPI,HDFC,DESKTOP,,
TXN500_0251,CUST_46,MERCH_8,30333.42,2026-08-25T05:30:54.605201Z,FAILED,WALLET,HDFC,DESKTOP,TIMEOUT,Timeout
TXN500_0252,CUST_2,MERCH_2,15032.58,2026-08-25T05:45:54.605201Z,SUCCESS,WALLET,AXIS,MOBILE,,
TXN500_0253,CUST_8,MERCH_4,13157.35,2026-08-25T06:00:54.605201Z,SUCCESS,UPI,ICICI,DESKTOP,,
TXN500_0254,CUST_15,MERCH_10,48865.47,2026-08-25T06:15:54.605201Z,SUCCESS,WALLET,SBI,MOBILE,,
TXN500_0255,CUST_24,MERCH_4,49037.05,2026-08-25T06:30:54.605201Z,SUCCESS,UPI,HDFC,DESKTOP,,
TXN500_0256,CUST_33,MERCH_7,6830.01,2026-08-25T06:45:54.605201Z,SUCCESS,NETBANKING,ICICI,DESKTOP,,
TXN500_0257,CUST_41,MERCH_5,8219.05,2026-08-25T07:00:54.605201Z,FAILED,CARD,HDFC,MOBILE,TIMEOUT,Timeout
TXN500_0258,CUST_3,MERCH_1,34931.32,2026-08-25T07:15:54.605201Z,FAILED,NETBANKING,HDFC,DESKTOP,TIMEOUT,Timeout
TXN500_0259,CUST_26,MERCH_3,43428.55,2026-08-25T07:30:54.605201Z,FAILED,UPI,SBI,DESKTOP,TIMEOUT,Timeout
TXN500_0260,CUST_21,MERCH_2,31210.56,2026-08-25T07:45:54.605201Z,FAILED,NETBANKING,AXIS,DESKTOP,TIMEOUT,Timeout
TXN500_0261,CUST_6,MERCH_9,3782.11,2026-08-25T08:00:54.605201Z,SUCCESS,CARD,ICICI,DESKTOP,,
TXN500_0262,CUST_28,MERCH_3,31850.92,2026-08-25T08:15:54.605201Z,SUCCESS,CARD,ICICI,DESKTOP,,
TXN500_0263,CUST_22,MERCH_6,2498.87,2026-08-25T08:30:54.605201Z,SUCCESS,UPI,ICICI,DESKTOP,,
TXN500_0264,CUST_38,MERCH_4,21760.6,2026-08-25T08:45:54.605201Z,SUCCESS,WALLET,SBI,MOBILE,,
TXN500_0265,CUST_30,MERCH_10,22938.51,2026-08-25T09:00:54.605201Z,SUCCESS,UPI,SBI,DESKTOP,,
TXN500_0266,CUST_15,MERCH_9,26332.35,2026-08-25T09:15:54.605201Z,SUCCESS,CARD,AXIS,DESKTOP,,
TXN500_0267,CUST_13,MERCH_7,27075.85,2026-08-25T09:30:54.605201Z,SUCCESS,UPI,HDFC,MOBILE,,
TXN500_0268,CUST_20,MERCH_6,36481.99,2026-08-25T09:45:54.605201Z,SUCCESS,CARD,AXIS,DESKTOP,,
TXN500_0269,CUST_33,MERCH_5,8256.46,2026-08-25T10:00:54.605201Z,SUCCESS,UPI,ICICI,DESKTOP,,
TXN500_0270,CUST_41,MERCH_1,16285.68,2026-08-25T10:15:54.605201Z,SUCCESS,CARD,AXIS,MOBILE,,
TXN500_0271,CUST_44,MERCH_7,9765.14,2026-08-25T10:30:54.605201Z,SUCCESS,UPI,HDFC,MOBILE,,
TXN500_0272,CUST_44,MERCH_8,19533.64,2026-08-25T10:45:54.605201Z,SUCCESS,WALLET,HDFC,MOBILE,,
TXN500_0273,CUST_36,MERCH_10,47206.86,2026-08-25T11:00:54.605201Z,SUCCESS,UPI,SBI,MOBILE,,
TXN500_0274,CUST_2,MERCH_5,12077.7,2026-08-25T11:15:54.605201Z,SUCCESS,CARD,HDFC,MOBILE,,
TXN500_0275,CUST_48,MERCH_8,13919.82,2026-08-25T11:30:54.605201Z,FAILED,NETBANKING,SBI,MOBILE,TIMEOUT,Timeout
TXN500_0276,CUST_11,MERCH_6,13360.19,2026-08-25T11:45:54.605201Z,SUCCESS,NETBANKING,ICICI,DESKTOP,,
TXN500_0277,CUST_5,MERCH_3,1350.94,2026-08-25T12:00:54.605201Z,SUCCESS,CARD,AXIS,MOBILE,,
TXN500_0278,CUST_18,MERCH_3,15482.66,2026-08-25T12:15:54.605201Z,SUCCESS,NETBANKING,ICICI,MOBILE,,
TXN500_0279,CUST_34,MERCH_10,42215.31,2026-08-25T12:30:54.605201Z,SUCCESS,NETBANKING,SBI,MOBILE,,
TXN500_0280,CUST_14,MERCH_5,40399.62,2026-08-25T12:45:54.605201Z,FAILED,CARD,ICICI,MOBILE,TIMEOUT,Timeout
TXN500_0281,CUST_10,MERCH_5,29191.29,2026-08-25T13:00:54.605201Z,FAILED,CARD,SBI,MOBILE,TIMEOUT,Timeout
TXN500_0282,CUST_46,MERCH_4,48850.61,2026-08-25T13:15:54.605201Z,SUCCESS,CARD,ICICI,MOBILE,,
TXN500_0283,CUST_17,MERCH_7,6383.76,2026-08-25T13:30:54.605201Z,FAILED,NETBANKING,SBI,DESKTOP,TIMEOUT,Timeout
TXN500_0284,CUST_9,MERCH_2,21443.09,2026-08-25T13:45:54.605201Z,SUCCESS,CARD,ICICI,MOBILE,,
TXN500_0285,CUST_46,MERCH_3,9207.98,2026-08-25T14:00:54.605201Z,SUCCESS,NETBANKING,ICICI,DESKTOP,,
TXN500_0286,CUST_4,MERCH_1,47047.85,2026-08-25T14:15:54.605201Z,SUCCESS,WALLET,SBI,MOBILE,,
TXN500_0287,CUST_23,MERCH_10,32518.15,2026-08-25T14:30:54.605201Z,FAILED,UPI,ICICI,MOBILE,TIMEOUT,Timeout
TXN500_0288,CUST_29,MERCH_10,16063.26,2026-08-25T14:45:54.605201Z,SUCCESS,UPI,ICICI,DESKTOP,,
TXN500_0289,CUST_36,MERCH_9,43816.91,2026-08-25T15:00:54.605201Z,SUCCESS,NETBANKING,ICICI,DESKTOP,,
TXN500_0290,CUST_30,MERCH_8,48205.73,2026-08-25T15:15:54.605201Z,SUCCESS,WALLET,ICICI,DESKTOP,,
TXN500_0291,CUST_33,MERCH_9,29941.56,2026-08-25T15:30:54.605201Z,SUCCESS,WALLET,HDFC,MOBILE,,
TXN500_0292,CUST_42,MERCH_5,49003.82,2026-08-25T15:45:54.605201Z,SUCCESS,UPI,SBI,DESKTOP,,
TXN500_0293,CUST_27,MERCH_6,3612.47,2026-08-25T16:00:54.605201Z,SUCCESS,CARD,ICICI,MOBILE,,
TXN500_0294,CUST_32,MERCH_1,22126.59,2026-08-25T16:15:54.605201Z,SUCCESS,WALLET,SBI,MOBILE,,
TXN500_0295,CUST_42,MERCH_1,13068.27,2026-08-25T16:30:54.605201Z,SUCCESS,WALLET,AXIS,MOBILE,,
TXN500_0296,CUST_41,MERCH_5,38425.94,2026-08-25T16:45:54.605201Z,FAILED,WALLET,SBI,DESKTOP,TIMEOUT,Timeout
TXN500_0297,CUST_19,MERCH_6,44641.64,2026-08-25T17:00:54.605201Z,FAILED,UPI,SBI,DESKTOP,TIMEOUT,Timeout
TXN500_0298,CUST_49,MERCH_5,2995.09,2026-08-25T17:15:54.605201Z,SUCCESS,UPI,SBI,MOBILE,,
TXN500_0299,CUST_39,MERCH_10,6517.06,2026-08-25T17:30:54.605201Z,SUCCESS,WALLET,HDFC,DESKTOP,,
TXN500_0300,CUST_39,MERCH_1,42011.86,2026-08-25T17:45:54.605201Z,SUCCESS,CARD,ICICI,DESKTOP,,
TXN500_0301,CUST_19,MERCH_3,6525.52,2026-08-25T18:00:54.605201Z,SUCCESS,UPI,HDFC,DESKTOP,,
TXN500_0302,CUST_4,MERCH_10,9772.16,2026-08-25T18:15:54.605201Z,SUCCESS,WALLET,ICICI,MOBILE,,
TXN500_0303,CUST_38,MERCH_9,9515.82,2026-08-25T18:30:54.605201Z,SUCCESS,CARD,HDFC,MOBILE,,
TXN500_0304,CUST_23,MERCH_1,19676.54,2026-08-25T18:45:54.605201Z,SUCCESS,CARD,HDFC,DESKTOP,,
TXN500_0305,CUST_17,MERCH_5,47949.48,2026-08-25T19:00:54.605201Z,SUCCESS,NETBANKING,AXIS,MOBILE,,
TXN500_0306,CUST_44,MERCH_5,28564.0,2026-08-25T19:15:54.605201Z,SUCCESS,NETBANKING,SBI,DESKTOP,,
TXN500_0307,CUST_3,MERCH_9,44615.2,2026-08-25T19:30:54.605201Z,SUCCESS,CARD,AXIS,DESKTOP,,
TXN500_0308,CUST_24,MERCH_7,15673.54,2026-08-25T19:45:54.605201Z,SUCCESS,NETBANKING,ICICI,MOBILE,,
TXN500_0309,CUST_15,MERCH_4,21749.96,2026-08-25T20:00:54.605201Z,SUCCESS,CARD,AXIS,MOBILE,,
TXN500_0310,CUST_20,MERCH_5,22465.74,2026-08-25T20:15:54.605201Z,SUCCESS,UPI,AXIS,MOBILE,,
TXN500_0311,CUST_12,MERCH_10,19500.37,2026-08-25T20:30:54.605201Z,SUCCESS,CARD,SBI,MOBILE,,
TXN500_0312,CUST_9,MERCH_1,1508.21,2026-08-25T20:45:54.605201Z,SUCCESS,NETBANKING,HDFC,MOBILE,,
TXN500_0313,CUST_26,MERCH_9,498.33,2026-08-25T21:00:54.605201Z,SUCCESS,NETBANKING,HDFC,DESKTOP,,
TXN500_0314,CUST_2,MERCH_3,19227.84,2026-08-25T21:15:54.605201Z,SUCCESS,CARD,ICICI,MOBILE,,
TXN500_0315,CUST_4,MERCH_5,21304.89,2026-08-25T21:30:54.605201Z,SUCCESS,UPI,SBI,DESKTOP,,
TXN500_0316,CUST_24,MERCH_6,48276.27,2026-08-25T21:45:54.605201Z,SUCCESS,UPI,HDFC,MOBILE,,
TXN500_0317,CUST_5,MERCH_2,41708.04,2026-08-25T22:00:54.605201Z,FAILED,CARD,HDFC,MOBILE,TIMEOUT,Timeout
TXN500_0318,CUST_34,MERCH_8,6553.06,2026-08-25T22:15:54.605201Z,SUCCESS,UPI,SBI,DESKTOP,,
TXN500_0319,CUST_26,MERCH_2,41935.49,2026-08-25T22:30:54.605201Z,FAILED,NETBANKING,AXIS,DESKTOP,TIMEOUT,Timeout
TXN500_0320,CUST_31,MERCH_10,15478.66,2026-08-25T22:45:54.605201Z,SUCCESS,CARD,AXIS,DESKTOP,,
TXN500_0321,CUST_30,MERCH_4,15759.03,2026-08-25T23:00:54.605201Z,SUCCESS,CARD,ICICI,MOBILE,,
TXN500_0322,CUST_20,MERCH_10,44936.7,2026-08-25T23:15:54.605201Z,SUCCESS,WALLET,AXIS,MOBILE,,
TXN500_0323,CUST_24,MERCH_1,4511.42,2026-08-25T23:30:54.605201Z,SUCCESS,NETBANKING,AXIS,DESKTOP,,
TXN500_0324,CUST_5,MERCH_1,44124.57,2026-08-25T23:45:54.605201Z,SUCCESS,CARD,AXIS,DESKTOP,,
TXN500_0325,CUST_30,MERCH_3,42055.07,2026-08-26T00:00:54.605201Z,SUCCESS,UPI,ICICI,MOBILE,,
TXN500_0326,CUST_10,MERCH_2,33655.56,2026-08-26T00:15:54.605201Z,SUCCESS,CARD,AXIS,DESKTOP,,
TXN500_0327,CUST_43,MERCH_8,16908.44,2026-08-26T00:30:54.605201Z,FAILED,WALLET,AXIS,DESKTOP,TIMEOUT,Timeout
TXN500_0328,CUST_46,MERCH_6,36976.0,2026-08-26T00:45:54.605201Z,SUCCESS,WALLET,HDFC,MOBILE,,
TXN500_0329,CUST_46,MERCH_9,20705.19,2026-08-26T01:00:54.605201Z,SUCCESS,CARD,HDFC,DESKTOP,,
TXN500_0330,CUST_44,MERCH_9,9754.84,2026-08-26T01:15:54.605201Z,SUCCESS,CARD,ICICI,DESKTOP,,
TXN500_0331,CUST_49,MERCH_9,41456.0,2026-08-26T01:30:54.605201Z,SUCCESS,CARD,AXIS,DESKTOP,,
TXN500_0332,CUST_37,MERCH_6,27563.94,2026-08-26T01:45:54.605201Z,SUCCESS,NETBANKING,ICICI,DESKTOP,,
TXN500_0333,CUST_38,MERCH_8,27923.76,2026-08-26T02:00:54.605201Z,SUCCESS,NETBANKING,AXIS,MOBILE,,
TXN500_0334,CUST_10,MERCH_5,17962.44,2026-08-26T02:15:54.605201Z,SUCCESS,NETBANKING,AXIS,MOBILE,,
TXN500_0335,CUST_24,MERCH_7,35544.19,2026-08-26T02:30:54.605201Z,FAILED,CARD,AXIS,DESKTOP,TIMEOUT,Timeout
TXN500_0336,CUST_7,MERCH_9,11286.41,2026-08-26T02:45:54.605201Z,FAILED,WALLET,ICICI,DESKTOP,TIMEOUT,Timeout
TXN500_0337,CUST_2,MERCH_9,34532.61,2026-08-26T03:00:54.605201Z,SUCCESS,NETBANKING,HDFC,DESKTOP,,
TXN500_0338,CUST_7,MERCH_3,47349.12,2026-08-26T03:15:54.605201Z,SUCCESS,UPI,HDFC,DESKTOP,,
TXN500_0339,CUST_16,MERCH_4,20663.74,2026-08-26T03:30:54.605201Z,SUCCESS,WALLET,HDFC,MOBILE,,
TXN500_0340,CUST_21,MERCH_10,28124.86,2026-08-26T03:45:54.605201Z,SUCCESS,UPI,SBI,MOBILE,,
TXN500_0341,CUST_46,MERCH_4,33826.09,2026-08-26T04:00:54.605201Z,SUCCESS,NETBANKING,HDFC,MOBILE,,
TXN500_0342,CUST_48,MERCH_3,8469.84,2026-08-26T04:15:54.605201Z,SUCCESS,UPI,SBI,MOBILE,,
TXN500_0343,CUST_16,MERCH_7,17083.32,2026-08-26T04:30:54.605201Z,SUCCESS,NETBANKING,ICICI,MOBILE,,
TXN500_0344,CUST_21,MERCH_5,41380.9,2026-08-26T04:45:54.605201Z,SUCCESS,UPI,ICICI,MOBILE,,
TXN500_0345,CUST_39,MERCH_1,24203.61,2026-08-26T05:00:54.605201Z,SUCCESS,WALLET,ICICI,MOBILE,,
TXN500_0346,CUST_44,MERCH_4,37522.61,2026-08-26T05:15:54.605201Z,FAILED,UPI,HDFC,MOBILE,TIMEOUT,Timeout
TXN500_0347,CUST_2,MERCH_6,8158.63,2026-08-26T05:30:54.605201Z,SUCCESS,WALLET,AXIS,MOBILE,,
TXN500_0348,CUST_2,MERCH_9,13407.87,2026-08-26T05:45:54.605201Z,SUCCESS,CARD,AXIS,DESKTOP,,
TXN500_0349,CUST_27,MERCH_6,48249.82,2026-08-26T06:00:54.605201Z,FAILED,UPI,SBI,DESKTOP,TIMEOUT,Timeout
TXN500_0350,CUST_45,MERCH_8,20914.36,2026-08-26T06:15:54.605201Z,SUCCESS,WALLET,SBI,MOBILE,,
TXN500_0351,CUST_24,MERCH_1,12510.49,2026-08-26T06:30:54.605201Z,SUCCESS,UPI,ICICI,MOBILE,,
TXN500_0352,CUST_10,MERCH_3,21176.58,2026-08-26T06:45:54.605201Z,SUCCESS,UPI,AXIS,DESKTOP,,
TXN500_0353,CUST_26,MERCH_5,39203.61,2026-08-26T07:00:54.605201Z,SUCCESS,UPI,SBI,MOBILE,,
TXN500_0354,CUST_43,MERCH_9,5549.92,2026-08-26T07:15:54.605201Z,SUCCESS,WALLET,HDFC,DESKTOP,,
TXN500_0355,CUST_9,MERCH_10,4160.07,2026-08-26T07:30:54.605201Z,SUCCESS,WALLET,ICICI,MOBILE,,
TXN500_0356,CUST_48,MERCH_10,4310.03,2026-08-26T07:45:54.605201Z,SUCCESS,WALLET,AXIS,DESKTOP,,
TXN500_0357,CUST_48,MERCH_7,46050.58,2026-08-26T08:00:54.605201Z,SUCCESS,CARD,ICICI,MOBILE,,
TXN500_0358,CUST_32,MERCH_3,42569.69,2026-08-26T08:15:54.605201Z,SUCCESS,CARD,HDFC,DESKTOP,,
TXN500_0359,CUST_14,MERCH_5,37684.53,2026-08-26T08:30:54.605201Z,SUCCESS,NETBANKING,SBI,DESKTOP,,
TXN500_0360,CUST_42,MERCH_3,471.43,2026-08-26T08:45:54.605201Z,SUCCESS,NETBANKING,SBI,DESKTOP,,
TXN500_0361,CUST_24,MERCH_3,19994.31,2026-08-26T09:00:54.605201Z,FAILED,CARD,AXIS,DESKTOP,TIMEOUT,Timeout
TXN500_0362,CUST_26,MERCH_9,43187.04,2026-08-26T09:15:54.605201Z,FAILED,CARD,HDFC,DESKTOP,TIMEOUT,Timeout
TXN500_0363,CUST_13,MERCH_9,47930.81,2026-08-26T09:30:54.605201Z,SUCCESS,WALLET,HDFC,DESKTOP,,
TXN500_0364,CUST_13,MERCH_4,130.49,2026-08-26T09:45:54.605201Z,SUCCESS,WALLET,AXIS,MOBILE,,
TXN500_0365,CUST_12,MERCH_10,21029.48,2026-08-26T10:00:54.605201Z,FAILED,NETBANKING,ICICI,MOBILE,TIMEOUT,Timeout
TXN500_0366,CUST_45,MERCH_3,37801.32,2026-08-26T10:15:54.605201Z,SUCCESS,WALLET,HDFC,DESKTOP,,
TXN500_0367,CUST_13,MERCH_2,828.86,2026-08-26T10:30:54.605201Z,SUCCESS,CARD,SBI,MOBILE,,
TXN500_0368,CUST_37,MERCH_1,15442.43,2026-08-26T10:45:54.605201Z,SUCCESS,NETBANKING,SBI,MOBILE,,
TXN500_0369,CUST_44,MERCH_7,47839.47,2026-08-26T11:00:54.605201Z,FAILED,NETBANKING,ICICI,DESKTOP,TIMEOUT,Timeout
TXN500_0370,CUST_28,MERCH_10,46708.6,2026-08-26T11:15:54.605201Z,SUCCESS,CARD,HDFC,MOBILE,,
TXN500_0371,CUST_28,MERCH_10,3073.12,2026-08-26T11:30:54.605201Z,FAILED,NETBANKING,HDFC,MOBILE,TIMEOUT,Timeout
TXN500_0372,CUST_39,MERCH_9,10461.7,2026-08-26T11:45:54.605201Z,SUCCESS,UPI,ICICI,DESKTOP,,
TXN500_0373,CUST_5,MERCH_1,7988.42,2026-08-26T12:00:54.605201Z,SUCCESS,WALLET,SBI,DESKTOP,,
TXN500_0374,CUST_35,MERCH_7,26850.37,2026-08-26T12:15:54.605201Z,FAILED,CARD,SBI,DESKTOP,TIMEOUT,Timeout
TXN500_0375,CUST_22,MERCH_10,6044.4,2026-08-26T12:30:54.605201Z,SUCCESS,NETBANKING,HDFC,MOBILE,,
TXN500_0376,CUST_32,MERCH_9,28454.07,2026-08-26T12:45:54.605201Z,SUCCESS,WALLET,AXIS,MOBILE,,
TXN500_0377,CUST_2,MERCH_3,46716.92,2026-08-26T13:00:54.605201Z,SUCCESS,CARD,ICICI,MOBILE,,
TXN500_0378,CUST_10,MERCH_8,42379.36,2026-08-26T13:15:54.605201Z,FAILED,WALLET,SBI,DESKTOP,TIMEOUT,Timeout
TXN500_0379,CUST_24,MERCH_10,9272.32,2026-08-26T13:30:54.605201Z,SUCCESS,WALLET,AXIS,DESKTOP,,
TXN500_0380,CUST_17,MERCH_4,16678.44,2026-08-26T13:45:54.605201Z,FAILED,CARD,SBI,MOBILE,TIMEOUT,Timeout
TXN500_0381,CUST_19,MERCH_8,47733.84,2026-08-26T14:00:54.605201Z,SUCCESS,CARD,SBI,MOBILE,,
TXN500_0382,CUST_28,MERCH_3,33806.13,2026-08-26T14:15:54.605201Z,SUCCESS,WALLET,AXIS,MOBILE,,
TXN500_0383,CUST_46,MERCH_9,34480.47,2026-08-26T14:30:54.605201Z,FAILED,UPI,ICICI,MOBILE,TIMEOUT,Timeout
TXN500_0384,CUST_45,MERCH_1,25982.83,2026-08-26T14:45:54.605201Z,SUCCESS,UPI,AXIS,MOBILE,,
TXN500_0385,CUST_23,MERCH_8,7105.11,2026-08-26T15:00:54.605201Z,SUCCESS,CARD,AXIS,DESKTOP,,
TXN500_0386,CUST_46,MERCH_7,37818.69,2026-08-26T15:15:54.605201Z,FAILED,CARD,SBI,DESKTOP,TIMEOUT,Timeout
TXN500_0387,CUST_17,MERCH_9,3812.69,2026-08-26T15:30:54.605201Z,SUCCESS,WALLET,ICICI,DESKTOP,,
TXN500_0388,CUST_27,MERCH_7,44354.85,2026-08-26T15:45:54.605201Z,SUCCESS,UPI,ICICI,MOBILE,,
TXN500_0389,CUST_21,MERCH_4,48331.48,2026-08-26T16:00:54.605201Z,FAILED,WALLET,HDFC,MOBILE,TIMEOUT,Timeout
TXN500_0390,CUST_16,MERCH_9,1143.94,2026-08-26T16:15:54.605201Z,SUCCESS,NETBANKING,AXIS,MOBILE,,
TXN500_0391,CUST_20,MERCH_7,20524.26,2026-08-26T16:30:54.605201Z,SUCCESS,NETBANKING,SBI,MOBILE,,
TXN500_0392,CUST_7,MERCH_10,46780.6,2026-08-26T16:45:54.605201Z,SUCCESS,UPI,AXIS,DESKTOP,,
TXN500_0393,CUST_8,MERCH_8,3476.93,2026-08-26T17:00:54.605201Z,SUCCESS,CARD,HDFC,DESKTOP,,
TXN500_0394,CUST_35,MERCH_8,46374.81,2026-08-26T17:15:54.605201Z,FAILED,WALLET,ICICI,MOBILE,TIMEOUT,Timeout
TXN500_0395,CUST_5,MERCH_3,49820.39,2026-08-26T17:30:54.605201Z,SUCCESS,CARD,ICICI,MOBILE,,
TXN500_0396,CUST_14,MERCH_6,47467.42,2026-08-26T17:45:54.605201Z,SUCCESS,NETBANKING,ICICI,MOBILE,,
TXN500_0397,CUST_42,MERCH_6,15347.54,2026-08-26T18:00:54.605201Z,SUCCESS,UPI,AXIS,MOBILE,,
TXN500_0398,CUST_1,MERCH_9,10933.43,2026-08-26T18:15:54.605201Z,SUCCESS,NETBANKING,SBI,DESKTOP,,
TXN500_0399,CUST_20,MERCH_7,20591.87,2026-08-26T18:30:54.605201Z,SUCCESS,NETBANKING,HDFC,MOBILE,,
TXN500_0400,CUST_17,MERCH_10,10634.73,2026-08-26T18:45:54.605201Z,SUCCESS,UPI,SBI,MOBILE,,
TXN500_0401,CUST_30,MERCH_7,41117.92,2026-08-26T19:00:54.605201Z,SUCCESS,CARD,ICICI,DESKTOP,,
TXN500_0402,CUST_18,MERCH_1,35982.06,2026-08-26T19:15:54.605201Z,SUCCESS,NETBANKING,ICICI,DESKTOP,,
TXN500_0403,CUST_50,MERCH_10,25371.12,2026-08-26T19:30:54.605201Z,SUCCESS,WALLET,AXIS,DESKTOP,,
TXN500_0404,CUST_41,MERCH_6,33422.49,2026-08-26T19:45:54.605201Z,SUCCESS,UPI,AXIS,DESKTOP,,
TXN500_0405,CUST_21,MERCH_5,15273.46,2026-08-26T20:00:54.605201Z,FAILED,UPI,HDFC,DESKTOP,TIMEOUT,Timeout
TXN500_0406,CUST_37,MERCH_1,25699.16,2026-08-26T20:15:54.605201Z,SUCCESS,CARD,SBI,MOBILE,,
TXN500_0407,CUST_35,MERCH_8,1153.86,2026-08-26T20:30:54.605201Z,SUCCESS,UPI,SBI,MOBILE,,
TXN500_0408,CUST_32,MERCH_5,30380.28,2026-08-26T20:45:54.605201Z,SUCCESS,NETBANKING,ICICI,DESKTOP,,
TXN500_0409,CUST_13,MERCH_4,27288.66,2026-08-26T21:00:54.605201Z,FAILED,WALLET,AXIS,DESKTOP,TIMEOUT,Timeout
TXN500_0410,CUST_28,MERCH_7,21330.68,2026-08-26T21:15:54.605201Z,SUCCESS,CARD,HDFC,MOBILE,,
TXN500_0411,CUST_13,MERCH_10,2373.42,2026-08-26T21:30:54.605201Z,SUCCESS,WALLET,ICICI,MOBILE,,
TXN500_0412,CUST_21,MERCH_10,16060.44,2026-08-26T21:45:54.605201Z,SUCCESS,UPI,HDFC,MOBILE,,
TXN500_0413,CUST_9,MERCH_2,38713.11,2026-08-26T22:00:54.605201Z,SUCCESS,UPI,SBI,MOBILE,,
TXN500_0414,CUST_12,MERCH_2,3673.64,2026-08-26T22:15:54.605201Z,SUCCESS,CARD,HDFC,DESKTOP,,
TXN500_0415,CUST_10,MERCH_8,4125.76,2026-08-26T22:30:54.605201Z,FAILED,NETBANKING,AXIS,DESKTOP,TIMEOUT,Timeout
TXN500_0416,CUST_1,MERCH_9,21403.05,2026-08-26T22:45:54.605201Z,SUCCESS,CARD,ICICI,MOBILE,,
TXN500_0417,CUST_19,MERCH_8,31567.39,2026-08-26T23:00:54.605201Z,SUCCESS,UPI,ICICI,DESKTOP,,
TXN500_0418,CUST_2,MERCH_10,24714.19,2026-08-26T23:15:54.605201Z,SUCCESS,NETBANKING,AXIS,MOBILE,,
TXN500_0419,CUST_17,MERCH_8,1967.43,2026-08-26T23:30:54.605201Z,SUCCESS,UPI,SBI,DESKTOP,,
TXN500_0420,CUST_25,MERCH_1,49260.53,2026-08-26T23:45:54.605201Z,SUCCESS,CARD,ICICI,DESKTOP,,
TXN500_0421,CUST_43,MERCH_6,35290.93,2026-08-27T00:00:54.605201Z,SUCCESS,WALLET,SBI,MOBILE,,
TXN500_0422,CUST_32,MERCH_10,3579.04,2026-08-27T00:15:54.605201Z,FAILED,WALLET,HDFC,MOBILE,TIMEOUT,Timeout
TXN500_0423,CUST_4,MERCH_6,44074.44,2026-08-27T00:30:54.605201Z,SUCCESS,WALLET,ICICI,MOBILE,,
TXN500_0424,CUST_7,MERCH_6,1442.42,2026-08-27T00:45:54.605201Z,SUCCESS,NETBANKING,ICICI,DESKTOP,,
TXN500_0425,CUST_22,MERCH_2,21104.52,2026-08-27T01:00:54.605201Z,SUCCESS,WALLET,AXIS,MOBILE,,
TXN500_0426,CUST_5,MERCH_1,32708.56,2026-08-27T01:15:54.605201Z,FAILED,NETBANKING,ICICI,DESKTOP,TIMEOUT,Timeout
TXN500_0427,CUST_16,MERCH_5,16910.27,2026-08-27T01:30:54.605201Z,SUCCESS,CARD,HDFC,DESKTOP,,
TXN500_0428,CUST_23,MERCH_1,30528.98,2026-08-27T01:45:54.605201Z,SUCCESS,NETBANKING,HDFC,DESKTOP,,
TXN500_0429,CUST_1,MERCH_3,23492.54,2026-08-27T02:00:54.605201Z,FAILED,UPI,ICICI,DESKTOP,TIMEOUT,Timeout
TXN500_0430,CUST_23,MERCH_10,42456.64,2026-08-27T02:15:54.605201Z,FAILED,NETBANKING,ICICI,DESKTOP,TIMEOUT,Timeout
TXN500_0431,CUST_12,MERCH_5,42892.54,2026-08-27T02:30:54.605201Z,SUCCESS,CARD,AXIS,DESKTOP,,
TXN500_0432,CUST_9,MERCH_7,34661.86,2026-08-27T02:45:54.605201Z,SUCCESS,CARD,AXIS,DESKTOP,,
TXN500_0433,CUST_35,MERCH_3,38479.4,2026-08-27T03:00:54.605201Z,SUCCESS,UPI,SBI,MOBILE,,
TXN500_0434,CUST_29,MERCH_10,8133.93,2026-08-27T03:15:54.605201Z,SUCCESS,UPI,AXIS,DESKTOP,,
TXN500_0435,CUST_39,MERCH_2,5955.37,2026-08-27T03:30:54.605201Z,SUCCESS,UPI,SBI,MOBILE,,
TXN500_0436,CUST_45,MERCH_6,34331.8,2026-08-27T03:45:54.605201Z,FAILED,UPI,HDFC,MOBILE,TIMEOUT,Timeout
TXN500_0437,CUST_38,MERCH_5,48878.73,2026-08-27T04:00:54.605201Z,SUCCESS,NETBANKING,ICICI,MOBILE,,
TXN500_0438,CUST_32,MERCH_9,18638.88,2026-08-27T04:15:54.605201Z,SUCCESS,WALLET,HDFC,DESKTOP,,
TXN500_0439,CUST_9,MERCH_9,31149.79,2026-08-27T04:30:54.605201Z,SUCCESS,NETBANKING,HDFC,DESKTOP,,
TXN500_0440,CUST_24,MERCH_9,43960.1,2026-08-27T04:45:54.605201Z,SUCCESS,NETBANKING,HDFC,MOBILE,,
TXN500_0441,CUST_5,MERCH_1,29855.6,2026-08-27T05:00:54.605201Z,SUCCESS,NETBANKING,AXIS,MOBILE,,
TXN500_0442,CUST_9,MERCH_2,7851.92,2026-08-27T05:15:54.605201Z,SUCCESS,NETBANKING,AXIS,MOBILE,,
TXN500_0443,CUST_8,MERCH_5,8359.12,2026-08-27T05:30:54.605201Z,SUCCESS,CARD,SBI,DESKTOP,,
TXN500_0444,CUST_15,MERCH_8,41115.97,2026-08-27T05:45:54.605201Z,FAILED,NETBANKING,AXIS,DESKTOP,TIMEOUT,Timeout
TXN500_0445,CUST_40,MERCH_7,49487.69,2026-08-27T06:00:54.605201Z,SUCCESS,UPI,SBI,DESKTOP,,
TXN500_0446,CUST_37,MERCH_6,27985.26,2026-08-27T06:15:54.605201Z,FAILED,UPI,SBI,DESKTOP,TIMEOUT,Timeout
TXN500_0447,CUST_37,MERCH_10,22888.76,2026-08-27T06:30:54.605201Z,SUCCESS,NETBANKING,ICICI,MOBILE,,
TXN500_0448,CUST_46,MERCH_5,41064.56,2026-08-27T06:45:54.605201Z,SUCCESS,UPI,HDFC,MOBILE,,
TXN500_0449,CUST_32,MERCH_10,5168.95,2026-08-27T07:00:54.605201Z,SUCCESS,NETBANKING,SBI,DESKTOP,,
TXN500_0450,CUST_45,MERCH_9,14069.79,2026-08-27T07:15:54.605201Z,SUCCESS,UPI,ICICI,MOBILE,,
TXN500_0451,CUST_4,MERCH_7,45190.54,2026-08-27T07:30:54.605201Z,SUCCESS,CARD,HDFC,MOBILE,,
TXN500_0452,CUST_29,MERCH_7,17548.41,2026-08-27T07:45:54.605201Z,SUCCESS,CARD,ICICI,DESKTOP,,
TXN500_0453,CUST_14,MERCH_4,30694.85,2026-08-27T08:00:54.605201Z,SUCCESS,UPI,AXIS,MOBILE,,
TXN500_0454,CUST_42,MERCH_1,13048.99,2026-08-27T08:15:54.605201Z,SUCCESS,NETBANKING,HDFC,DESKTOP,,
TXN500_0455,CUST_4,MERCH_10,49177.52,2026-08-27T08:30:54.605201Z,SUCCESS,UPI,SBI,DESKTOP,,
TXN500_0456,CUST_38,MERCH_1,32953.91,2026-08-27T08:45:54.605201Z,SUCCESS,UPI,HDFC,MOBILE,,
TXN500_0457,CUST_1,MERCH_7,31963.51,2026-08-27T09:00:54.605201Z,FAILED,UPI,SBI,DESKTOP,TIMEOUT,Timeout
TXN500_0458,CUST_39,MERCH_2,510.01,2026-08-27T09:15:54.605201Z,SUCCESS,NETBANKING,SBI,DESKTOP,,
TXN500_0459,CUST_16,MERCH_5,41933.1,2026-08-27T09:30:54.605201Z,SUCCESS,NETBANKING,HDFC,DESKTOP,,
TXN500_0460,CUST_32,MERCH_3,6848.0,2026-08-27T09:45:54.605201Z,FAILED,NETBANKING,ICICI,MOBILE,TIMEOUT,Timeout
TXN500_0461,CUST_35,MERCH_1,31388.57,2026-08-27T10:00:54.605201Z,SUCCESS,UPI,ICICI,MOBILE,,
TXN500_0462,CUST_38,MERCH_6,8581.61,2026-08-27T10:15:54.605201Z,SUCCESS,UPI,SBI,DESKTOP,,
TXN500_0463,CUST_36,MERCH_5,21468.4,2026-08-27T10:30:54.605201Z,SUCCESS,NETBANKING,ICICI,MOBILE,,
TXN500_0464,CUST_5,MERCH_1,47756.79,2026-08-27T10:45:54.605201Z,SUCCESS,NETBANKING,SBI,MOBILE,,
TXN500_0465,CUST_21,MERCH_3,46582.74,2026-08-27T11:00:54.605201Z,SUCCESS,CARD,AXIS,MOBILE,,
TXN500_0466,CUST_47,MERCH_3,4202.96,2026-08-27T11:15:54.605201Z,FAILED,UPI,ICICI,DESKTOP,TIMEOUT,Timeout
TXN500_0467,CUST_37,MERCH_3,13980.01,2026-08-27T11:30:54.605201Z,SUCCESS,WALLET,ICICI,DESKTOP,,
TXN500_0468,CUST_49,MERCH_8,36078.13,2026-08-27T11:45:54.605201Z,SUCCESS,WALLET,ICICI,DESKTOP,,
TXN500_0469,CUST_33,MERCH_9,12701.87,2026-08-27T12:00:54.605201Z,SUCCESS,CARD,SBI,DESKTOP,,
TXN500_0470,CUST_23,MERCH_8,38746.62,2026-08-27T12:15:54.605201Z,SUCCESS,UPI,HDFC,DESKTOP,,
TXN500_0471,CUST_7,MERCH_2,36616.5,2026-08-27T12:30:54.605201Z,SUCCESS,WALLET,SBI,MOBILE,,
TXN500_0472,CUST_19,MERCH_2,48079.41,2026-08-27T12:45:54.605201Z,SUCCESS,UPI,ICICI,MOBILE,,
TXN500_0473,CUST_32,MERCH_1,12371.52,2026-08-27T13:00:54.605201Z,SUCCESS,UPI,HDFC,DESKTOP,,
TXN500_0474,CUST_15,MERCH_6,48827.41,2026-08-27T13:15:54.605201Z,SUCCESS,WALLET,ICICI,MOBILE,,
TXN500_0475,CUST_29,MERCH_7,48672.1,2026-08-27T13:30:54.605201Z,SUCCESS,CARD,AXIS,MOBILE,,
TXN500_0476,CUST_48,MERCH_7,27693.18,2026-08-27T13:45:54.605201Z,SUCCESS,UPI,ICICI,MOBILE,,
TXN500_0477,CUST_31,MERCH_6,43043.97,2026-08-27T14:00:54.605201Z,FAILED,NETBANKING,SBI,DESKTOP,TIMEOUT,Timeout
TXN500_0478,CUST_21,MERCH_5,28084.57,2026-08-27T14:15:54.605201Z,SUCCESS,CARD,HDFC,MOBILE,,
TXN500_0479,CUST_35,MERCH_10,25235.12,2026-08-27T14:30:54.605201Z,SUCCESS,WALLET,HDFC,DESKTOP,,
TXN500_0480,CUST_43,MERCH_9,41052.23,2026-08-27T14:45:54.605201Z,FAILED,CARD,SBI,MOBILE,TIMEOUT,Timeout
TXN500_0481,CUST_47,MERCH_1,32949.87,2026-08-27T15:00:54.605201Z,SUCCESS,WALLET,ICICI,MOBILE,,
TXN500_0482,CUST_42,MERCH_9,21361.34,2026-08-27T15:15:54.605201Z,FAILED,CARD,SBI,MOBILE,TIMEOUT,Timeout
TXN500_0483,CUST_1,MERCH_2,48393.73,2026-08-27T15:30:54.605201Z,SUCCESS,NETBANKING,HDFC,DESKTOP,,
TXN500_0484,CUST_21,MERCH_2,10019.73,2026-08-27T15:45:54.605201Z,SUCCESS,CARD,AXIS,DESKTOP,,
TXN500_0485,CUST_15,MERCH_5,48111.62,2026-08-27T16:00:54.605201Z,FAILED,WALLET,SBI,MOBILE,TIMEOUT,Timeout
TXN500_0486,CUST_9,MERCH_4,45144.46,2026-08-27T16:15:54.605201Z,SUCCESS,NETBANKING,AXIS,DESKTOP,,
TXN500_0487,CUST_5,MERCH_2,24439.64,2026-08-27T16:30:54.605201Z,FAILED,CARD,SBI,MOBILE,TIMEOUT,Timeout
TXN500_0488,CUST_50,MERCH_1,33811.39,2026-08-27T16:45:54.605201Z,SUCCESS,UPI,SBI,DESKTOP,,
TXN500_0489,CUST_8,MERCH_6,3882.9,2026-08-27T17:00:54.605201Z,FAILED,UPI,ICICI,MOBILE,TIMEOUT,Timeout
TXN500_0490,CUST_41,MERCH_4,7271.14,2026-08-27T17:15:54.605201Z,SUCCESS,NETBANKING,ICICI,DESKTOP,,
TXN500_0491,CUST_14,MERCH_3,35719.96,2026-08-27T17:30:54.605201Z,SUCCESS,NETBANKING,AXIS,DESKTOP,,
TXN500_0492,CUST_42,MERCH_3,34237.54,2026-08-27T17:45:54.605201Z,SUCCESS,WALLET,AXIS,DESKTOP,,
TXN500_0493,CUST_41,MERCH_10,1240.55,2026-08-27T18:00:54.605201Z,SUCCESS,CARD,HDFC,DESKTOP,,
TXN500_0494,CUST_7,MERCH_3,35445.48,2026-08-27T18:15:54.605201Z,SUCCESS,CARD,SBI,MOBILE,,
TXN500_0495,CUST_18,MERCH_7,38680.95,2026-08-27T18:30:54.605201Z,FAILED,CARD,AXIS,MOBILE,TIMEOUT,Timeout
TXN500_0496,CUST_47,MERCH_1,35663.22,2026-08-27T18:45:54.605201Z,FAILED,UPI,ICICI,DESKTOP,TIMEOUT,Timeout
TXN500_0497,CUST_18,MERCH_2,6531.52,2026-08-27T19:00:54.605201Z,SUCCESS,NETBANKING,ICICI,DESKTOP,,
TXN500_0498,CUST_21,MERCH_5,39841.95,2026-08-27T19:15:54.605201Z,SUCCESS,NETBANKING,HDFC,MOBILE,,
TXN500_0499,CUST_2,MERCH_3,41383.5,2026-08-27T19:30:54.605201Z,SUCCESS,UPI,SBI,DESKTOP,,
